A000069,Daniel,K.,Akaka,HI,107,2001
A000109,Wayne,A.,Allard,CO,107,2001
A000121,George,Felix,Allen,VA,107,2001
B001237,Dean,,Barkley,MN,107,2001
B000243,Max,,Baucus,MT,107,2001
B001233,Evan,,Bayh,IN,107,2001
B000382,Robert,F.,Bennett,UT,107,2001
B000444,Joseph,R.,Biden,DE,107,2001
B000468,Jeff,,Bingaman,NM,107,2001
B000611,Christopher,S.,Bond,MO,107,2001
B000711,Barbara,,Boxer,CA,107,2001
B000780,John,B.,Breaux,LA,107,2001
B000953,Sam,,Brownback,KS,107,2001
B001066,Jim,,Bunning,KY,107,2001
B001126,Conrad,,Burns,MT,107,2001
B001210,Robert,C.,Byrd,WV,107,2001
C000077,Ben,Nighthorse,Campbell,CO,107,2001
C000127,Maria,,Cantwell,WA,107,2001
C001043,Jean,,Carnahan,MO,107,2001
C000174,Thomas,R.,Carper,DE,107,2001
C001040,Lincoln,D.,Chafee,RI,107,2001
C001034,Max,,Cleland,GA,107,2001
C001041,Hillary,Rodham,Clinton,NY,107,2001
C000567,Thad,,Cochran,MS,107,2001
C001035,Susan,,Collins,ME,107,2001
C000705,Kent,,Conrad,ND,107,2001
C001056,John,,Cornyn,TX,107,2001
C001042,Jon,Stevens,Corzine,NJ,107,2001
C000858,Larry,E.,Craig,ID,107,2001
C000880,Michael,D.,Crapo,ID,107,2001
D000064,Thomas,A.,Daschle,SD,107,2001
D000596,Mark,,Dayton,MN,107,2001
D000294,Michael,,DeWine,OH,107,2001
D000388,Christopher,J.,Dodd,CT,107,2001
D000407,Pete,V.,Domenici,NM,107,2001
D000432,Byron,L.,Dorgan,ND,107,2001
D000563,Richard,J.,Durbin,IL,107,2001
E000286,John,Reid,Edwards,NC,107,2001
E000194,John,,Ensign,NV,107,2001
E000285,Michael,B.,Enzi,WY,107,2001
F000061,Russ,,Feingold,WI,107,2001
F000062,Dianne,,Feinstein,CA,107,2001
F000442,Peter,G.,Fitzgerald,IL,107,2001
F000439,William,H.,Frist,TN,107,2001
G000352,Bob,,Graham,FL,107,2001
G000365,Phil,,Gramm,TX,107,2001
G000386,Charles,E.,Grassley,IA,107,2001
G000445,Judd,,Gregg,NH,107,2001
H001028,Chuck,T.,Hagel,NE,107,2001
H000206,Tom,,Harkin,IA,107,2001
H000338,Orrin,G.,Hatch,UT,107,2001
H000463,Jesse,,Helms,NC,107,2001
H000725,Ernest,F.,Hollings,SC,107,2001
H001015,Tim,,Hutchinson,AR,107,2001
H001016,Kay,Bailey,Hutchison,TX,107,2001
I000024,James,M.,Inhofe,OK,107,2001
I000025,Daniel,K.,Inouye,HI,107,2001
J000072,James,M.,Jeffords,VT,107,2001
J000072,James,M.,Jeffords,VT,107,2001
J000177,Tim,,Johnson,SD,107,2001
K000105,Edward,M.,Kennedy,MA,107,2001
K000148,John,,Kerry,MA,107,2001
K000305,Herb,,Kohl,WI,107,2001
K000352,Jon,,Kyl,AZ,107,2001
L000550,Mary,L.,Landrieu,LA,107,2001
L000174,Patrick,J.,Leahy,VT,107,2001
L000261,Carl,,Levin,MI,107,2001
L000304,Joseph,I.,Lieberman,CT,107,2001
L000035,Blanche,,Lincoln,AR,107,2001
L000447,Trent,,Lott,MS,107,2001
L000504,Richard,G.,Lugar,IN,107,2001
M000303,John,,McCain,AZ,107,2001
M000355,Mitch,,McConnell,KY,107,2001
M000702,Barbara,A.,Mikulski,MD,107,2001
M001141,Zell,Bryan,Miller,GA,107,2001
M001085,Frank,H.,Murkowski,AK,107,2001
M001153,Lisa,,Murkowski,AK,107,2001
M001111,Patty,,Murray,WA,107,2001
N000032,Bill,,Nelson,FL,107,2001
N000180,Ben,,Nelson,NE,107,2001
N000102,Don,,Nickles,OK,107,2001
R000122,Jack,,Reed,RI,107,2001
R000146,Harry,,Reid,NV,107,2001
R000307,Pat,,Roberts,KS,107,2001
R000361,John,D.,Rockefeller,WV,107,2001
S000059,Richard,J.,Santorum,PA,107,2001
S000064,Paul,S.,Sarbanes,MD,107,2001
S000148,Charles,E.,Schumer,NY,107,2001
S001141,Jeff,,Sessions,AL,107,2001
S000320,Richard,C.,Shelby,AL,107,2001
S000606,Bob,,Smith,NH,107,2001
S001142,Gordon,Harold,Smith,OR,107,2001
S000663,Olympia,J.,Snowe,ME,107,2001
S000709,Arlen,,Specter,PA,107,2001
S000770,Debbie,,Stabenow,MI,107,2001
S000888,Ted,F.,Stevens,AK,107,2001
T000024,James,M.,Talent,MO,107,2001
T000162,Craig,,Thomas,WY,107,2001
T000457,Fred,,Thompson,TN,107,2001
T000254,Strom,,Thurmond,SC,107,2001
T000317,Robert,G.,Torricelli,NJ,107,2001
V000126,George,V.,Voinovich,OH,107,2001
W000154,John,W.,Warner,VA,107,2001
W000288,Paul,D.,Wellstone,MN,107,2001
W000779,Ron,,Wyden,OR,107,2001
A000069,Daniel,K.,Akaka,HI,108,2003
A000360,Lamar,,Alexander,TN,108,2003
A000109,Wayne,A.,Allard,CO,108,2003
A000121,George,Felix,Allen,VA,108,2003
B000243,Max,,Baucus,MT,108,2003
B001233,Evan,,Bayh,IN,108,2003
B000382,Robert,F.,Bennett,UT,108,2003
B000444,Joseph,R.,Biden,DE,108,2003
B000468,Jeff,,Bingaman,NM,108,2003
B000611,Christopher,S.,Bond,MO,108,2003
B000711,Barbara,,Boxer,CA,108,2003
B000780,John,B.,Breaux,LA,108,2003
B000953,Sam,,Brownback,KS,108,2003
B001066,Jim,,Bunning,KY,108,2003
B001126,Conrad,,Burns,MT,108,2003
B001210,Robert,C.,Byrd,WV,108,2003
C000077,Ben,Nighthorse,Campbell,CO,108,2003
C000127,Maria,,Cantwell,WA,108,2003
C000174,Thomas,R.,Carper,DE,108,2003
C001040,Lincoln,D.,Chafee,RI,108,2003
C000286,Saxby,,Chambliss,GA,108,2003
C001041,Hillary,Rodham,Clinton,NY,108,2003
C000567,Thad,,Cochran,MS,108,2003
C001057,Norm,,Coleman,MN,108,2003
C001035,Susan,,Collins,ME,108,2003
C000705,Kent,,Conrad,ND,108,2003
C001056,John,,Cornyn,TX,108,2003
C001042,Jon,Stevens,Corzine,NJ,108,2003
C000858,Larry,E.,Craig,ID,108,2003
C000880,Michael,D.,Crapo,ID,108,2003
D000064,Thomas,A.,Daschle,SD,108,2003
D000596,Mark,,Dayton,MN,108,2003
D000294,Michael,,DeWine,OH,108,2003
D000388,Christopher,J.,Dodd,CT,108,2003
D000601,Elizabeth,H.,Dole,NC,108,2003
D000407,Pete,V.,Domenici,NM,108,2003
D000432,Byron,L.,Dorgan,ND,108,2003
D000563,Richard,J.,Durbin,IL,108,2003
E000286,John,Reid,Edwards,NC,108,2003
E000194,John,,Ensign,NV,108,2003
E000285,Michael,B.,Enzi,WY,108,2003
F000061,Russ,,Feingold,WI,108,2003
F000062,Dianne,,Feinstein,CA,108,2003
F000442,Peter,G.,Fitzgerald,IL,108,2003
F000439,William,H.,Frist,TN,108,2003
G000352,Bob,,Graham,FL,108,2003
G000359,Lindsey,,Graham,SC,108,2003
G000386,Charles,E.,Grassley,IA,108,2003
G000445,Judd,,Gregg,NH,108,2003
H001028,Chuck,T.,Hagel,NE,108,2003
H000206,Tom,,Harkin,IA,108,2003
H000338,Orrin,G.,Hatch,UT,108,2003
H000725,Ernest,F.,Hollings,SC,108,2003
H001016,Kay,Bailey,Hutchison,TX,108,2003
I000024,James,M.,Inhofe,OK,108,2003
I000025,Daniel,K.,Inouye,HI,108,2003
J000072,James,M.,Jeffords,VT,108,2003
J000177,Tim,,Johnson,SD,108,2003
K000105,Edward,M.,Kennedy,MA,108,2003
K000148,John,,Kerry,MA,108,2003
K000305,Herb,,Kohl,WI,108,2003
K000352,Jon,,Kyl,AZ,108,2003
L000550,Mary,L.,Landrieu,LA,108,2003
L000123,Frank,R.,Lautenberg,NJ,108,2003
L000174,Patrick,J.,Leahy,VT,108,2003
L000261,Carl,,Levin,MI,108,2003
L000304,Joseph,I.,Lieberman,CT,108,2003
L000035,Blanche,,Lincoln,AR,108,2003
L000447,Trent,,Lott,MS,108,2003
L000504,Richard,G.,Lugar,IN,108,2003
M000303,John,,McCain,AZ,108,2003
M000355,Mitch,,McConnell,KY,108,2003
M000702,Barbara,A.,Mikulski,MD,108,2003
M001141,Zell,Bryan,Miller,GA,108,2003
M001153,Lisa,,Murkowski,AK,108,2003
M001111,Patty,,Murray,WA,108,2003
N000032,Bill,,Nelson,FL,108,2003
N000180,Ben,,Nelson,NE,108,2003
N000102,Don,,Nickles,OK,108,2003
P000590,Mark,,Pryor,AR,108,2003
R000122,Jack,,Reed,RI,108,2003
R000146,Harry,,Reid,NV,108,2003
R000307,Pat,,Roberts,KS,108,2003
R000361,John,D.,Rockefeller,WV,108,2003
S000059,Richard,J.,Santorum,PA,108,2003
S000064,Paul,S.,Sarbanes,MD,108,2003
S000148,Charles,E.,Schumer,NY,108,2003
S001141,Jeff,,Sessions,AL,108,2003
S000320,Richard,C.,Shelby,AL,108,2003
S001142,Gordon,Harold,Smith,OR,108,2003
S000663,Olympia,J.,Snowe,ME,108,2003
S000709,Arlen,,Specter,PA,108,2003
S000770,Debbie,,Stabenow,MI,108,2003
S000888,Ted,F.,Stevens,AK,108,2003
S001078,John,E.,Sununu,NH,108,2003
T000024,James,M.,Talent,MO,108,2003
T000162,Craig,,Thomas,WY,108,2003
V000126,George,V.,Voinovich,OH,108,2003
W000154,John,W.,Warner,VA,108,2003
W000779,Ron,,Wyden,OR,108,2003
A000069,Daniel,K.,Akaka,HI,109,2005
A000360,Lamar,,Alexander,TN,109,2005
A000109,Wayne,A.,Allard,CO,109,2005
A000121,George,Felix,Allen,VA,109,2005
B000243,Max,,Baucus,MT,109,2005
B001233,Evan,,Bayh,IN,109,2005
B000382,Robert,F.,Bennett,UT,109,2005
B000444,Joseph,R.,Biden,DE,109,2005
B000468,Jeff,,Bingaman,NM,109,2005
B000611,Christopher,S.,Bond,MO,109,2005
B000711,Barbara,,Boxer,CA,109,2005
B000953,Sam,,Brownback,KS,109,2005
B001066,Jim,,Bunning,KY,109,2005
B001126,Conrad,,Burns,MT,109,2005
B001135,Richard,M.,Burr,NC,109,2005
B001210,Robert,C.,Byrd,WV,109,2005
C000127,Maria,,Cantwell,WA,109,2005
C000174,Thomas,R.,Carper,DE,109,2005
C001040,Lincoln,D.,Chafee,RI,109,2005
C000286,Saxby,,Chambliss,GA,109,2005
C001041,Hillary,Rodham,Clinton,NY,109,2005
C000560,Tom,,Coburn,OK,109,2005
C000567,Thad,,Cochran,MS,109,2005
C001057,Norm,,Coleman,MN,109,2005
C001035,Susan,,Collins,ME,109,2005
C000705,Kent,,Conrad,ND,109,2005
C001056,John,,Cornyn,TX,109,2005
C001042,Jon,Stevens,Corzine,NJ,109,2005
C000858,Larry,E.,Craig,ID,109,2005
C000880,Michael,D.,Crapo,ID,109,2005
D000596,Mark,,Dayton,MN,109,2005
D000595,Jim,,DeMint,SC,109,2005
D000294,Michael,,DeWine,OH,109,2005
D000388,Christopher,J.,Dodd,CT,109,2005
D000601,Elizabeth,H.,Dole,NC,109,2005
D000407,Pete,V.,Domenici,NM,109,2005
D000432,Byron,L.,Dorgan,ND,109,2005
D000563,Richard,J.,Durbin,IL,109,2005
E000194,John,,Ensign,NV,109,2005
E000285,Michael,B.,Enzi,WY,109,2005
F000061,Russ,,Feingold,WI,109,2005
F000062,Dianne,,Feinstein,CA,109,2005
F000439,William,H.,Frist,TN,109,2005
G000359,Lindsey,,Graham,SC,109,2005
G000386,Charles,E.,Grassley,IA,109,2005
G000445,Judd,,Gregg,NH,109,2005
H001028,Chuck,T.,Hagel,NE,109,2005
H000206,Tom,,Harkin,IA,109,2005
H000338,Orrin,G.,Hatch,UT,109,2005
H001016,Kay,Bailey,Hutchison,TX,109,2005
I000024,James,M.,Inhofe,OK,109,2005
I000025,Daniel,K.,Inouye,HI,109,2005
I000055,Johnny,,Isakson,GA,109,2005
J000072,James,M.,Jeffords,VT,109,2005
J000177,Tim,,Johnson,SD,109,2005
K000105,Edward,M.,Kennedy,MA,109,2005
K000148,John,,Kerry,MA,109,2005
K000305,Herb,,Kohl,WI,109,2005
K000352,Jon,,Kyl,AZ,109,2005
L000550,Mary,L.,Landrieu,LA,109,2005
L000123,Frank,R.,Lautenberg,NJ,109,2005
L000174,Patrick,J.,Leahy,VT,109,2005
L000261,Carl,,Levin,MI,109,2005
L000304,Joseph,I.,Lieberman,CT,109,2005
L000035,Blanche,,Lincoln,AR,109,2005
L000447,Trent,,Lott,MS,109,2005
L000504,Richard,G.,Lugar,IN,109,2005
M001162,Mel,,Martinez,FL,109,2005
M000303,John,,McCain,AZ,109,2005
M000355,Mitch,,McConnell,KY,109,2005
M000639,Robert,,Menendez,NJ,109,2005
M000702,Barbara,A.,Mikulski,MD,109,2005
M001153,Lisa,,Murkowski,AK,109,2005
M001111,Patty,,Murray,WA,109,2005
N000032,Bill,,Nelson,FL,109,2005
N000180,Ben,,Nelson,NE,109,2005
O000167,Barack,,Obama,IL,109,2005
P000590,Mark,,Pryor,AR,109,2005
R000122,Jack,,Reed,RI,109,2005
R000146,Harry,,Reid,NV,109,2005
R000307,Pat,,Roberts,KS,109,2005
R000361,John,D.,Rockefeller,WV,109,2005
S001163,Ken,,Salazar,CO,109,2005
S000059,Richard,J.,Santorum,PA,109,2005
S000064,Paul,S.,Sarbanes,MD,109,2005
S000148,Charles,E.,Schumer,NY,109,2005
S001141,Jeff,,Sessions,AL,109,2005
S000320,Richard,C.,Shelby,AL,109,2005
S001142,Gordon,Harold,Smith,OR,109,2005
S000663,Olympia,J.,Snowe,ME,109,2005
S000709,Arlen,,Specter,PA,109,2005
S000770,Debbie,,Stabenow,MI,109,2005
S000888,Ted,F.,Stevens,AK,109,2005
S001078,John,E.,Sununu,NH,109,2005
T000024,James,M.,Talent,MO,109,2005
T000162,Craig,,Thomas,WY,109,2005
T000250,John,,Thune,SD,109,2005
V000127,David,,Vitter,LA,109,2005
V000126,George,V.,Voinovich,OH,109,2005
W000154,John,W.,Warner,VA,109,2005
W000779,Ron,,Wyden,OR,109,2005
A000069,Daniel,K.,Akaka,HI,110,2007
A000360,Lamar,,Alexander,TN,110,2007
A000109,Wayne,A.,Allard,CO,110,2007
B001261,John,,Barrasso,WY,110,2007
B000243,Max,,Baucus,MT,110,2007
B001233,Evan,,Bayh,IN,110,2007
B000382,Robert,F.,Bennett,UT,110,2007
B000444,Joseph,R.,Biden,DE,110,2007
B000468,Jeff,,Bingaman,NM,110,2007
B000611,Christopher,S.,Bond,MO,110,2007
B000711,Barbara,,Boxer,CA,110,2007
B000944,Sherrod,,Brown,OH,110,2007
B000953,Sam,,Brownback,KS,110,2007
B001066,Jim,,Bunning,KY,110,2007
B001135,Richard,M.,Burr,NC,110,2007
B001210,Robert,C.,Byrd,WV,110,2007
C000127,Maria,,Cantwell,WA,110,2007
C000141,Benjamin,L.,Cardin,MD,110,2007
C000174,Thomas,R.,Carper,DE,110,2007
C001070,Bob,,Casey,PA,110,2007
C000286,Saxby,,Chambliss,GA,110,2007
C001041,Hillary,Rodham,Clinton,NY,110,2007
C000560,Tom,,Coburn,OK,110,2007
C000567,Thad,,Cochran,MS,110,2007
C001057,Norm,,Coleman,MN,110,2007
C001035,Susan,,Collins,ME,110,2007
C000705,Kent,,Conrad,ND,110,2007
C001071,Bob,,Corker,TN,110,2007
C001056,John,,Cornyn,TX,110,2007
C000858,Larry,E.,Craig,ID,110,2007
C000880,Michael,D.,Crapo,ID,110,2007
D000595,Jim,,DeMint,SC,110,2007
D000388,Christopher,J.,Dodd,CT,110,2007
D000601,Elizabeth,H.,Dole,NC,110,2007
D000407,Pete,V.,Domenici,NM,110,2007
D000432,Byron,L.,Dorgan,ND,110,2007
D000563,Richard,J.,Durbin,IL,110,2007
E000194,John,,Ensign,NV,110,2007
E000285,Michael,B.,Enzi,WY,110,2007
F000061,Russ,,Feingold,WI,110,2007
F000062,Dianne,,Feinstein,CA,110,2007
G000359,Lindsey,,Graham,SC,110,2007
G000386,Charles,E.,Grassley,IA,110,2007
G000445,Judd,,Gregg,NH,110,2007
H001028,Chuck,T.,Hagel,NE,110,2007
H000206,Tom,,Harkin,IA,110,2007
H000338,Orrin,G.,Hatch,UT,110,2007
H001016,Kay,Bailey,Hutchison,TX,110,2007
I000024,James,M.,Inhofe,OK,110,2007
I000025,Daniel,K.,Inouye,HI,110,2007
I000055,Johnny,,Isakson,GA,110,2007
J000177,Tim,,Johnson,SD,110,2007
K000105,Edward,M.,Kennedy,MA,110,2007
K000148,John,,Kerry,MA,110,2007
K000367,Amy,,Klobuchar,MN,110,2007
K000305,Herb,,Kohl,WI,110,2007
K000352,Jon,,Kyl,AZ,110,2007
L000550,Mary,L.,Landrieu,LA,110,2007
L000123,Frank,R.,Lautenberg,NJ,110,2007
L000174,Patrick,J.,Leahy,VT,110,2007
L000261,Carl,,Levin,MI,110,2007
L000304,Joseph,I.,Lieberman,CT,110,2007
L000035,Blanche,,Lincoln,AR,110,2007
L000447,Trent,,Lott,MS,110,2007
L000504,Richard,G.,Lugar,IN,110,2007
M001162,Mel,,Martinez,FL,110,2007
M000303,John,,McCain,AZ,110,2007
M001170,Claire,,McCaskill,MO,110,2007
M000355,Mitch,,McConnell,KY,110,2007
M000639,Robert,,Menendez,NJ,110,2007
M000702,Barbara,A.,Mikulski,MD,110,2007
M001153,Lisa,,Murkowski,AK,110,2007
M001111,Patty,,Murray,WA,110,2007
N000032,Bill,,Nelson,FL,110,2007
N000180,Ben,,Nelson,NE,110,2007
O000167,Barack,,Obama,IL,110,2007
P000590,Mark,,Pryor,AR,110,2007
R000122,Jack,,Reed,RI,110,2007
R000146,Harry,,Reid,NV,110,2007
R000307,Pat,,Roberts,KS,110,2007
R000361,John,D.,Rockefeller,WV,110,2007
S001163,Ken,,Salazar,CO,110,2007
S000033,Bernard,,Sanders,VT,110,2007
S000148,Charles,E.,Schumer,NY,110,2007
S001141,Jeff,,Sessions,AL,110,2007
S000320,Richard,C.,Shelby,AL,110,2007
S001142,Gordon,Harold,Smith,OR,110,2007
S000663,Olympia,J.,Snowe,ME,110,2007
S000709,Arlen,,Specter,PA,110,2007
S000770,Debbie,,Stabenow,MI,110,2007
S000888,Ted,F.,Stevens,AK,110,2007
S001078,John,E.,Sununu,NH,110,2007
T000464,Jon,,Tester,MT,110,2007
T000162,Craig,,Thomas,WY,110,2007
T000250,John,,Thune,SD,110,2007
V000127,David,,Vitter,LA,110,2007
V000126,George,V.,Voinovich,OH,110,2007
W000154,John,W.,Warner,VA,110,2007
W000803,Jim,,Webb,VA,110,2007
W000802,Sheldon,,Whitehouse,RI,110,2007
W000437,Roger,,Wicker,MS,110,2007
W000779,Ron,,Wyden,OR,110,2007
A000069,Daniel,K.,Akaka,HI,111,2009
A000360,Lamar,,Alexander,TN,111,2009
B001261,John,,Barrasso,WY,111,2009
B000243,Max,,Baucus,MT,111,2009
B001233,Evan,,Bayh,IN,111,2009
B001265,Mark,,Begich,AK,111,2009
B001267,Michael,,Bennet,CO,111,2009
B000382,Robert,F.,Bennett,UT,111,2009
B000444,Joseph,R.,Biden,DE,111,2009
B000468,Jeff,,Bingaman,NM,111,2009
B000611,Christopher,S.,Bond,MO,111,2009
B000711,Barbara,,Boxer,CA,111,2009
B001268,Scott,,Brown,MA,111,2009
B000944,Sherrod,,Brown,OH,111,2009
B000953,Sam,,Brownback,KS,111,2009
B001066,Jim,,Bunning,KY,111,2009
B001135,Richard,M.,Burr,NC,111,2009
B001266,Roland,W.,Burris,IL,111,2009
B001210,Robert,C.,Byrd,WV,111,2009
C000127,Maria,,Cantwell,WA,111,2009
C000141,Benjamin,L.,Cardin,MD,111,2009
C000174,Thomas,R.,Carper,DE,111,2009
C001070,Bob,,Casey,PA,111,2009
C000286,Saxby,,Chambliss,GA,111,2009
C001041,Hillary,Rodham,Clinton,NY,111,2009
C000560,Tom,,Coburn,OK,111,2009
C000567,Thad,,Cochran,MS,111,2009
C001035,Susan,,Collins,ME,111,2009
C000705,Kent,,Conrad,ND,111,2009
C001088,Christopher,A.,Coons,DE,111,2009
C001071,Bob,,Corker,TN,111,2009
C001056,John,,Cornyn,TX,111,2009
C000880,Michael,D.,Crapo,ID,111,2009
D000595,Jim,,DeMint,SC,111,2009
D000388,Christopher,J.,Dodd,CT,111,2009
D000432,Byron,L.,Dorgan,ND,111,2009
D000563,Richard,J.,Durbin,IL,111,2009
E000194,John,,Ensign,NV,111,2009
E000285,Michael,B.,Enzi,WY,111,2009
F000061,Russ,,Feingold,WI,111,2009
F000062,Dianne,,Feinstein,CA,111,2009
F000457,Al,,Franken,MN,111,2009
G000555,Kirsten,E.,Gillibrand,NY,111,2009
G000561,Carte,P.,Goodwin,WV,111,2009
G000359,Lindsey,,Graham,SC,111,2009
G000386,Charles,E.,Grassley,IA,111,2009
G000445,Judd,,Gregg,NH,111,2009
H001049,Kay,,Hagan,NC,111,2009
H000206,Tom,,Harkin,IA,111,2009
H000338,Orrin,G.,Hatch,UT,111,2009
H001016,Kay,Bailey,Hutchison,TX,111,2009
I000024,James,M.,Inhofe,OK,111,2009
I000025,Daniel,K.,Inouye,HI,111,2009
I000055,Johnny,,Isakson,GA,111,2009
J000291,Mike,,Johanns,NE,111,2009
J000177,Tim,,Johnson,SD,111,2009
K000373,Edward,E.,Kaufman,DE,111,2009
K000105,Edward,M.,Kennedy,MA,111,2009
K000148,John,,Kerry,MA,111,2009
K000374,Paul,G.,Kirk,MA,111,2009
K000360,Mark,Steven,Kirk,IL,111,2009
K000367,Amy,,Klobuchar,MN,111,2009
K000305,Herb,,Kohl,WI,111,2009
K000352,Jon,,Kyl,AZ,111,2009
L000550,Mary,L.,Landrieu,LA,111,2009
L000123,Frank,R.,Lautenberg,NJ,111,2009
L000174,Patrick,J.,Leahy,VT,111,2009
L000572,George,S.,LeMieux,FL,111,2009
L000261,Carl,,Levin,MI,111,2009
L000304,Joseph,I.,Lieberman,CT,111,2009
L000035,Blanche,,Lincoln,AR,111,2009
L000504,Richard,G.,Lugar,IN,111,2009
M001183,Joe,,Manchin,WV,111,2009
M001162,Mel,,Martinez,FL,111,2009
M000303,John,,McCain,AZ,111,2009
M001170,Claire,,McCaskill,MO,111,2009
M000355,Mitch,,McConnell,KY,111,2009
M000639,Robert,,Menendez,NJ,111,2009
M001176,Jeff,,Merkley,OR,111,2009
M000702,Barbara,A.,Mikulski,MD,111,2009
M001153,Lisa,,Murkowski,AK,111,2009
M001111,Patty,,Murray,WA,111,2009
N000180,Ben,,Nelson,NE,111,2009
N000032,Bill,,Nelson,FL,111,2009
P000590,Mark,,Pryor,AR,111,2009
R000122,Jack,,Reed,RI,111,2009
R000146,Harry,,Reid,NV,111,2009
R000584,Jim,,Risch,ID,111,2009
R000307,Pat,,Roberts,KS,111,2009
R000361,John,D.,Rockefeller,WV,111,2009
S001163,Ken,,Salazar,CO,111,2009
S000033,Bernard,,Sanders,VT,111,2009
S000148,Charles,E.,Schumer,NY,111,2009
S001141,Jeff,,Sessions,AL,111,2009
S001181,Jeanne,,Shaheen,NH,111,2009
S000320,Richard,C.,Shelby,AL,111,2009
S000663,Olympia,J.,Snowe,ME,111,2009
S000709,Arlen,,Specter,PA,111,2009
S000709,Arlen,,Specter,PA,111,2009
S000770,Debbie,,Stabenow,MI,111,2009
T000464,Jon,,Tester,MT,111,2009
T000250,John,,Thune,SD,111,2009
U000038,Mark,,Udall,CO,111,2009
U000039,Tom,,Udall,NM,111,2009
V000127,David,,Vitter,LA,111,2009
V000126,George,V.,Voinovich,OH,111,2009
W000805,Mark,,Warner,VA,111,2009
W000803,Jim,,Webb,VA,111,2009
W000802,Sheldon,,Whitehouse,RI,111,2009
W000437,Roger,,Wicker,MS,111,2009
W000779,Ron,,Wyden,OR,111,2009
A000069,Daniel,K.,Akaka,HI,112,2011
A000360,Lamar,,Alexander,TN,112,2011
A000368,Kelly,,Ayotte,NH,112,2011
B001261,John,,Barrasso,WY,112,2011
B000243,Max,,Baucus,MT,112,2011
B001265,Mark,,Begich,AK,112,2011
B001267,Michael,,Bennet,CO,112,2011
B000468,Jeff,,Bingaman,NM,112,2011
B001277,Richard,,Blumenthal,CT,112,2011
B000575,Roy,,Blunt,MO,112,2011
B001236,John,,Boozman,AR,112,2011
B000711,Barbara,,Boxer,CA,112,2011
B001268,Scott,,Brown,MA,112,2011
B000944,Sherrod,,Brown,OH,112,2011
B001135,Richard,M.,Burr,NC,112,2011
C000127,Maria,,Cantwell,WA,112,2011
C000141,Benjamin,L.,Cardin,MD,112,2011
C000174,Thomas,R.,Carper,DE,112,2011
C001070,Bob,,Casey,PA,112,2011
C000286,Saxby,,Chambliss,GA,112,2011
C000542,Daniel,,Coats,IN,112,2011
C000560,Tom,,Coburn,OK,112,2011
C000567,Thad,,Cochran,MS,112,2011
C001035,Susan,,Collins,ME,112,2011
C000705,Kent,,Conrad,ND,112,2011
C001088,Christopher,A.,Coons,DE,112,2011
C001071,Bob,,Corker,TN,112,2011
C001056,John,,Cornyn,TX,112,2011
C000880,Michael,D.,Crapo,ID,112,2011
D000595,Jim,,DeMint,SC,112,2011
D000563,Richard,J.,Durbin,IL,112,2011
E000194,John,,Ensign,NV,112,2011
E000285,Michael,B.,Enzi,WY,112,2011
F000062,Dianne,,Feinstein,CA,112,2011
F000457,Al,,Franken,MN,112,2011
G000555,Kirsten,E.,Gillibrand,NY,112,2011
G000359,Lindsey,,Graham,SC,112,2011
G000386,Charles,E.,Grassley,IA,112,2011
H001049,Kay,,Hagan,NC,112,2011
H000206,Tom,,Harkin,IA,112,2011
H000338,Orrin,G.,Hatch,UT,112,2011
H001041,Dean,,Heller,NV,112,2011
H001061,John,,Hoeven,ND,112,2011
H001016,Kay,Bailey,Hutchison,TX,112,2011
I000024,James,M.,Inhofe,OK,112,2011
I000025,Daniel,K.,Inouye,HI,112,2011
I000055,Johnny,,Isakson,GA,112,2011
J000291,Mike,,Johanns,NE,112,2011
J000177,Tim,,Johnson,SD,112,2011
J000293,Ron,,Johnson,WI,112,2011
K000148,John,,Kerry,MA,112,2011
K000360,Mark,Steven,Kirk,IL,112,2011
K000367,Amy,,Klobuchar,MN,112,2011
K000305,Herb,,Kohl,WI,112,2011
K000352,Jon,,Kyl,AZ,112,2011
L000550,Mary,L.,Landrieu,LA,112,2011
L000123,Frank,R.,Lautenberg,NJ,112,2011
L000174,Patrick,J.,Leahy,VT,112,2011
L000577,Mike,,Lee,UT,112,2011
L000261,Carl,,Levin,MI,112,2011
L000304,Joseph,I.,Lieberman,CT,112,2011
L000504,Richard,G.,Lugar,IN,112,2011
M001183,Joe,,Manchin,WV,112,2011
M000303,John,,McCain,AZ,112,2011
M001170,Claire,,McCaskill,MO,112,2011
M000355,Mitch,,McConnell,KY,112,2011
M000639,Robert,,Menendez,NJ,112,2011
M001176,Jeff,,Merkley,OR,112,2011
M000702,Barbara,A.,Mikulski,MD,112,2011
M000934,Jerry,,Moran,KS,112,2011
M001153,Lisa,,Murkowski,AK,112,2011
M001111,Patty,,Murray,WA,112,2011
N000032,Bill,,Nelson,FL,112,2011
N000180,Ben,,Nelson,NE,112,2011
P000603,Rand,,Paul,KY,112,2011
P000449,Rob,,Portman,OH,112,2011
P000590,Mark,,Pryor,AR,112,2011
R000122,Jack,,Reed,RI,112,2011
R000146,Harry,,Reid,NV,112,2011
R000584,Jim,,Risch,ID,112,2011
R000307,Pat,,Roberts,KS,112,2011
R000361,John,D.,Rockefeller,WV,112,2011
R000595,Marco,,Rubio,FL,112,2011
S000033,Bernard,,Sanders,VT,112,2011
S001194,Brian,,Schatz,HI,112,2011
S000148,Charles,E.,Schumer,NY,112,2011
S001141,Jeff,,Sessions,AL,112,2011
S001181,Jeanne,,Shaheen,NH,112,2011
S000320,Richard,C.,Shelby,AL,112,2011
S000663,Olympia,J.,Snowe,ME,112,2011
S000770,Debbie,,Stabenow,MI,112,2011
T000464,Jon,,Tester,MT,112,2011
T000250,John,,Thune,SD,112,2011
T000461,Patrick,J.,Toomey,PA,112,2011
U000039,Tom,,Udall,NM,112,2011
U000038,Mark,,Udall,CO,112,2011
V000127,David,,Vitter,LA,112,2011
W000805,Mark,,Warner,VA,112,2011
W000803,Jim,,Webb,VA,112,2011
W000802,Sheldon,,Whitehouse,RI,112,2011
W000437,Roger,,Wicker,MS,112,2011
W000779,Ron,,Wyden,OR,112,2011
A000360,Lamar,,Alexander,TN,113,2013
A000368,Kelly,,Ayotte,NH,113,2013
B001230,Tammy,,Baldwin,WI,113,2013
B001261,John,,Barrasso,WY,113,2013
B000243,Max,,Baucus,MT,113,2013
B001265,Mark,,Begich,AK,113,2013
B001267,Michael,,Bennet,CO,113,2013
B001277,Richard,,Blumenthal,CT,113,2013
B000575,Roy,,Blunt,MO,113,2013
B001288,Cory,,Booker,NJ,113,2013
B001236,John,,Boozman,AR,113,2013
B000711,Barbara,,Boxer,CA,113,2013
B000944,Sherrod,,Brown,OH,113,2013
B001135,Richard,M.,Burr,NC,113,2013
C000127,Maria,,Cantwell,WA,113,2013
C000141,Benjamin,L.,Cardin,MD,113,2013
C000174,Thomas,R.,Carper,DE,113,2013
C001070,Bob,,Casey,PA,113,2013
C000286,Saxby,,Chambliss,GA,113,2013
C001100,Jeffrey,S.,Chiesa,NJ,113,2013
C000542,Daniel,,Coats,IN,113,2013
C000560,Tom,,Coburn,OK,113,2013
C000567,Thad,,Cochran,MS,113,2013
C001035,Susan,,Collins,ME,113,2013
C001088,Christopher,A.,Coons,DE,113,2013
C001071,Bob,,Corker,TN,113,2013
C001056,John,,Cornyn,TX,113,2013
C001099,William,,Cowan,MA,113,2013
C000880,Michael,D.,Crapo,ID,113,2013
C001098,Ted,,Cruz,TX,113,2013
D000607,Joe,,Donnelly,IN,113,2013
D000563,Richard,J.,Durbin,IL,113,2013
E000285,Michael,B.,Enzi,WY,113,2013
F000062,Dianne,,Feinstein,CA,113,2013
F000463,Deb,,Fischer,NE,113,2013
F000444,Jeff,,Flake,AZ,113,2013
F000457,Al,,Franken,MN,113,2013
G000555,Kirsten,E.,Gillibrand,NY,113,2013
G000359,Lindsey,,Graham,SC,113,2013
G000386,Charles,E.,Grassley,IA,113,2013
H001049,Kay,,Hagan,NC,113,2013
H000206,Tom,,Harkin,IA,113,2013
H000338,Orrin,G.,Hatch,UT,113,2013
H001046,Martin,,Heinrich,NM,113,2013
H001069,Heidi,,Heitkamp,ND,113,2013
H001041,Dean,,Heller,NV,113,2013
H001042,Mazie,K.,Hirono,HI,113,2013
H001061,John,,Hoeven,ND,113,2013
I000024,James,M.,Inhofe,OK,113,2013
I000055,Johnny,,Isakson,GA,113,2013
J000291,Mike,,Johanns,NE,113,2013
J000177,Tim,,Johnson,SD,113,2013
J000293,Ron,,Johnson,WI,113,2013
K000384,Tim,,Kaine,VA,113,2013
K000148,John,,Kerry,MA,113,2013
K000383,Angus,,King,ME,113,2013
K000360,Mark,Steven,Kirk,IL,113,2013
K000367,Amy,,Klobuchar,MN,113,2013
L000550,Mary,L.,Landrieu,LA,113,2013
L000123,Frank,R.,Lautenberg,NJ,113,2013
L000174,Patrick,J.,Leahy,VT,113,2013
L000577,Mike,,Lee,UT,113,2013
L000261,Carl,,Levin,MI,113,2013
M001183,Joe,,Manchin,WV,113,2013
M000133,Edward,J.,Markey,MA,113,2013
M000303,John,,McCain,AZ,113,2013
M001170,Claire,,McCaskill,MO,113,2013
M000355,Mitch,,McConnell,KY,113,2013
M000639,Robert,,Menendez,NJ,113,2013
M001176,Jeff,,Merkley,OR,113,2013
M000702,Barbara,A.,Mikulski,MD,113,2013
M000934,Jerry,,Moran,KS,113,2013
M001153,Lisa,,Murkowski,AK,113,2013
M001169,Christopher,S.,Murphy,CT,113,2013
M001111,Patty,,Murray,WA,113,2013
N000032,Bill,,Nelson,FL,113,2013
P000603,Rand,,Paul,KY,113,2013
P000449,Rob,,Portman,OH,113,2013
P000590,Mark,,Pryor,AR,113,2013
R000122,Jack,,Reed,RI,113,2013
R000146,Harry,,Reid,NV,113,2013
R000584,Jim,,Risch,ID,113,2013
R000307,Pat,,Roberts,KS,113,2013
R000361,John,D.,Rockefeller,WV,113,2013
R000595,Marco,,Rubio,FL,113,2013
S000033,Bernard,,Sanders,VT,113,2013
S001194,Brian,,Schatz,HI,113,2013
S000148,Charles,E.,Schumer,NY,113,2013
S001184,Tim,,Scott,SC,113,2013
S001141,Jeff,,Sessions,AL,113,2013
S001181,Jeanne,,Shaheen,NH,113,2013
S000320,Richard,C.,Shelby,AL,113,2013
S000770,Debbie,,Stabenow,MI,113,2013
T000464,Jon,,Tester,MT,113,2013
T000250,John,,Thune,SD,113,2013
T000461,Patrick,J.,Toomey,PA,113,2013
U000038,Mark,,Udall,CO,113,2013
U000039,Tom,,Udall,NM,113,2013
V000127,David,,Vitter,LA,113,2013
W000818,John,,Walsh,MT,113,2013
W000805,Mark,,Warner,VA,113,2013
W000817,Elizabeth,,Warren,MA,113,2013
W000802,Sheldon,,Whitehouse,RI,113,2013
W000437,Roger,,Wicker,MS,113,2013
W000779,Ron,,Wyden,OR,113,2013
A000360,Lamar,,Alexander,TN,114,2015
A000368,Kelly,,Ayotte,NH,114,2015
B001230,Tammy,,Baldwin,WI,114,2015
B001261,John,,Barrasso,WY,114,2015
B001267,Michael,,Bennet,CO,114,2015
B001277,Richard,,Blumenthal,CT,114,2015
B000575,Roy,,Blunt,MO,114,2015
B001288,Cory,,Booker,NJ,114,2015
B001236,John,,Boozman,AR,114,2015
B000711,Barbara,,Boxer,CA,114,2015
B000944,Sherrod,,Brown,OH,114,2015
B001135,Richard,M.,Burr,NC,114,2015
C000127,Maria,,Cantwell,WA,114,2015
C001047,Shelley,Moore,Capito,WV,114,2015
C000141,Benjamin,L.,Cardin,MD,114,2015
C000174,Thomas,R.,Carper,DE,114,2015
C001070,Bob,,Casey,PA,114,2015
C001075,Bill,,Cassidy,LA,114,2015
C000542,Daniel,,Coats,IN,114,2015
C000567,Thad,,Cochran,MS,114,2015
C001035,Susan,,Collins,ME,114,2015
C001088,Christopher,A.,Coons,DE,114,2015
C001071,Bob,,Corker,TN,114,2015
C001056,John,,Cornyn,TX,114,2015
C001095,Tom,,Cotton,AR,114,2015
C000880,Michael,D.,Crapo,ID,114,2015
C001098,Ted,,Cruz,TX,114,2015
D000618,Steve,,Daines,MT,114,2015
D000607,Joe,,Donnelly,IN,114,2015
D000563,Richard,J.,Durbin,IL,114,2015
E000285,Michael,B.,Enzi,WY,114,2015
E000295,Joni,,Ernst,IA,114,2015
F000062,Dianne,,Feinstein,CA,114,2015
F000463,Deb,,Fischer,NE,114,2015
F000444,Jeff,,Flake,AZ,114,2015
F000457,Al,,Franken,MN,114,2015
G000562,Cory,,Gardner,CO,114,2015
G000555,Kirsten,E.,Gillibrand,NY,114,2015
G000359,Lindsey,,Graham,SC,114,2015
G000386,Charles,E.,Grassley,IA,114,2015
H000338,Orrin,G.,Hatch,UT,114,2015
H001046,Martin,,Heinrich,NM,114,2015
H001069,Heidi,,Heitkamp,ND,114,2015
H001041,Dean,,Heller,NV,114,2015
H001042,Mazie,K.,Hirono,HI,114,2015
H001061,John,,Hoeven,ND,114,2015
I000024,James,M.,Inhofe,OK,114,2015
I000055,Johnny,,Isakson,GA,114,2015
J000293,Ron,,Johnson,WI,114,2015
K000384,Tim,,Kaine,VA,114,2015
K000383,Angus,,King,ME,114,2015
K000360,Mark,Steven,Kirk,IL,114,2015
K000367,Amy,,Klobuchar,MN,114,2015
L000575,James,,Lankford,OK,114,2015
L000174,Patrick,J.,Leahy,VT,114,2015
L000577,Mike,,Lee,UT,114,2015
M001183,Joe,,Manchin,WV,114,2015
M000133,Edward,J.,Markey,MA,114,2015
M000303,John,,McCain,AZ,114,2015
M001170,Claire,,McCaskill,MO,114,2015
M000355,Mitch,,McConnell,KY,114,2015
M000639,Robert,,Menendez,NJ,114,2015
M001176,Jeff,,Merkley,OR,114,2015
M000702,Barbara,A.,Mikulski,MD,114,2015
M000934,Jerry,,Moran,KS,114,2015
M001153,Lisa,,Murkowski,AK,114,2015
M001169,Christopher,S.,Murphy,CT,114,2015
M001111,Patty,,Murray,WA,114,2015
N000032,Bill,,Nelson,FL,114,2015
P000603,Rand,,Paul,KY,114,2015
P000612,David,,Perdue,GA,114,2015
P000595,Gary,,Peters,MI,114,2015
P000449,Rob,,Portman,OH,114,2015
R000122,Jack,,Reed,RI,114,2015
R000146,Harry,,Reid,NV,114,2015
R000584,Jim,,Risch,ID,114,2015
R000307,Pat,,Roberts,KS,114,2015
R000605,Mike,,Rounds,SD,114,2015
R000595,Marco,,Rubio,FL,114,2015
S000033,Bernard,,Sanders,VT,114,2015
S001197,Ben,,Sasse,NE,114,2015
S001194,Brian,,Schatz,HI,114,2015
S000148,Charles,E.,Schumer,NY,114,2015
S001184,Tim,,Scott,SC,114,2015
S001141,Jeff,,Sessions,AL,114,2015
S001181,Jeanne,,Shaheen,NH,114,2015
S000320,Richard,C.,Shelby,AL,114,2015
S000770,Debbie,,Stabenow,MI,114,2015
S001198,Dan,,Sullivan,AK,114,2015
T000464,Jon,,Tester,MT,114,2015
T000250,John,,Thune,SD,114,2015
T000476,Thom,,Tillis,NC,114,2015
T000461,Patrick,J.,Toomey,PA,114,2015
U000039,Tom,,Udall,NM,114,2015
V000127,David,,Vitter,LA,114,2015
W000805,Mark,,Warner,VA,114,2015
W000817,Elizabeth,,Warren,MA,114,2015
W000802,Sheldon,,Whitehouse,RI,114,2015
W000437,Roger,,Wicker,MS,114,2015
W000779,Ron,,Wyden,OR,114,2015
A000360,Lamar,,Alexander,TN,115,2017
B001230,Tammy,,Baldwin,WI,115,2017
B001261,John,,Barrasso,WY,115,2017
B001267,Michael,,Bennet,CO,115,2017
B001277,Richard,,Blumenthal,CT,115,2017
B000575,Roy,,Blunt,MO,115,2017
B001288,Cory,,Booker,NJ,115,2017
B001236,John,,Boozman,AR,115,2017
B000944,Sherrod,,Brown,OH,115,2017
B001135,Richard,M.,Burr,NC,115,2017
C000127,Maria,,Cantwell,WA,115,2017
C001047,Shelley,Moore,Capito,WV,115,2017
C000141,Benjamin,L.,Cardin,MD,115,2017
C000174,Thomas,R.,Carper,DE,115,2017
C001070,Bob,,Casey,PA,115,2017
C001075,Bill,,Cassidy,LA,115,2017
C000567,Thad,,Cochran,MS,115,2017
C001035,Susan,,Collins,ME,115,2017
C001088,Christopher,A.,Coons,DE,115,2017
C001071,Bob,,Corker,TN,115,2017
C001056,John,,Cornyn,TX,115,2017
C001113,Catherine,,Cortez Masto,NV,115,2017
C001095,Tom,,Cotton,AR,115,2017
C000880,Michael,D.,Crapo,ID,115,2017
C001098,Ted,,Cruz,TX,115,2017
D000618,Steve,,Daines,MT,115,2017
D000607,Joe,,Donnelly,IN,115,2017
D000622,Tammy,,Duckworth,IL,115,2017
D000563,Richard,J.,Durbin,IL,115,2017
E000285,Michael,B.,Enzi,WY,115,2017
E000295,Joni,,Ernst,IA,115,2017
F000062,Dianne,,Feinstein,CA,115,2017
F000463,Deb,,Fischer,NE,115,2017
F000444,Jeff,,Flake,AZ,115,2017
F000457,Al,,Franken,MN,115,2017
G000562,Cory,,Gardner,CO,115,2017
G000555,Kirsten,E.,Gillibrand,NY,115,2017
G000359,Lindsey,,Graham,SC,115,2017
G000386,Charles,E.,Grassley,IA,115,2017
H001075,Kamala,,Harris,CA,115,2017
H001076,Margaret,,Hassan,NH,115,2017
H000338,Orrin,G.,Hatch,UT,115,2017
H001046,Martin,,Heinrich,NM,115,2017
H001069,Heidi,,Heitkamp,ND,115,2017
H001041,Dean,,Heller,NV,115,2017
H001042,Mazie,K.,Hirono,HI,115,2017
H001061,John,,Hoeven,ND,115,2017
H001079,Cindy,,Hyde-Smith,MS,115,2017
I000024,James,M.,Inhofe,OK,115,2017
I000055,Johnny,,Isakson,GA,115,2017
J000293,Ron,,Johnson,WI,115,2017
J000300,Doug,,Jones,AL,115,2017
K000384,Tim,,Kaine,VA,115,2017
K000393,John,,Kennedy,LA,115,2017
K000383,Angus,,King,ME,115,2017
K000367,Amy,,Klobuchar,MN,115,2017
K000352,Jon,,Kyl,AZ,115,2017
L000575,James,,Lankford,OK,115,2017
L000174,Patrick,J.,Leahy,VT,115,2017
L000577,Mike,,Lee,UT,115,2017
M001183,Joe,,Manchin,WV,115,2017
M000133,Edward,J.,Markey,MA,115,2017
M000303,John,,McCain,AZ,115,2017
M001170,Claire,,McCaskill,MO,115,2017
M000355,Mitch,,McConnell,KY,115,2017
M000639,Robert,,Menendez,NJ,115,2017
M001176,Jeff,,Merkley,OR,115,2017
M000934,Jerry,,Moran,KS,115,2017
M001153,Lisa,,Murkowski,AK,115,2017
M001169,Christopher,S.,Murphy,CT,115,2017
M001111,Patty,,Murray,WA,115,2017
N000032,Bill,,Nelson,FL,115,2017
P000603,Rand,,Paul,KY,115,2017
P000612,David,,Perdue,GA,115,2017
P000595,Gary,,Peters,MI,115,2017
P000449,Rob,,Portman,OH,115,2017
R000122,Jack,,Reed,RI,115,2017
R000584,Jim,,Risch,ID,115,2017
R000307,Pat,,Roberts,KS,115,2017
R000605,Mike,,Rounds,SD,115,2017
R000595,Marco,,Rubio,FL,115,2017
S000033,Bernard,,Sanders,VT,115,2017
S001197,Ben,,Sasse,NE,115,2017
S001194,Brian,,Schatz,HI,115,2017
S000148,Charles,E.,Schumer,NY,115,2017
S001184,Tim,,Scott,SC,115,2017
S001141,Jeff,,Sessions,AL,115,2017
S001181,Jeanne,,Shaheen,NH,115,2017
S000320,Richard,C.,Shelby,AL,115,2017
S001203,Tina,,Smith,MN,115,2017
S000770,Debbie,,Stabenow,MI,115,2017
S001202,Luther,,Strange,AL,115,2017
S001198,Dan,,Sullivan,AK,115,2017
T000464,Jon,,Tester,MT,115,2017
T000250,John,,Thune,SD,115,2017
T000476,Thom,,Tillis,NC,115,2017
T000461,Patrick,J.,Toomey,PA,115,2017
U000039,Tom,,Udall,NM,115,2017
V000128,Chris,,Van Hollen,MD,115,2017
W000805,Mark,,Warner,VA,115,2017
W000817,Elizabeth,,Warren,MA,115,2017
W000802,Sheldon,,Whitehouse,RI,115,2017
W000437,Roger,,Wicker,MS,115,2017
W000779,Ron,,Wyden,OR,115,2017
Y000064,Todd,,Young,IN,115,2017
A000360,Lamar,,Alexander,TN,116,2019
B001230,Tammy,,Baldwin,WI,116,2019
B001261,John,,Barrasso,WY,116,2019
B001267,Michael,,Bennet,CO,116,2019
B001243,Marsha,,Blackburn,TN,116,2019
B001277,Richard,,Blumenthal,CT,116,2019
B000575,Roy,,Blunt,MO,116,2019
B001288,Cory,,Booker,NJ,116,2019
B001236,John,,Boozman,AR,116,2019
B001310,Mike,,Braun,IN,116,2019
B000944,Sherrod,,Brown,OH,116,2019
B001135,Richard,M.,Burr,NC,116,2019
C000127,Maria,,Cantwell,WA,116,2019
C001047,Shelley,Moore,Capito,WV,116,2019
C000141,Benjamin,L.,Cardin,MD,116,2019
C000174,Thomas,R.,Carper,DE,116,2019
C001070,Bob,,Casey,PA,116,2019
C001075,Bill,,Cassidy,LA,116,2019
C001035,Susan,,Collins,ME,116,2019
C001088,Christopher,A.,Coons,DE,116,2019
C001056,John,,Cornyn,TX,116,2019
C001113,Catherine,,Cortez Masto,NV,116,2019
C001095,Tom,,Cotton,AR,116,2019
C001096,Kevin,,Cramer,ND,116,2019
C000880,Michael,D.,Crapo,ID,116,2019
C001098,Ted,,Cruz,TX,116,2019
D000618,Steve,,Daines,MT,116,2019
D000622,Tammy,,Duckworth,IL,116,2019
D000563,Richard,J.,Durbin,IL,116,2019
E000285,Michael,B.,Enzi,WY,116,2019
E000295,Joni,,Ernst,IA,116,2019
F000062,Dianne,,Feinstein,CA,116,2019
F000463,Deb,,Fischer,NE,116,2019
G000562,Cory,,Gardner,CO,116,2019
G000555,Kirsten,E.,Gillibrand,NY,116,2019
G000359,Lindsey,,Graham,SC,116,2019
G000386,Charles,E.,Grassley,IA,116,2019
H001075,Kamala,,Harris,CA,116,2019
H001076,Margaret,,Hassan,NH,116,2019
H001089,Joshua,,Hawley,MO,116,2019
H001046,Martin,,Heinrich,NM,116,2019
H001042,Mazie,K.,Hirono,HI,116,2019
H001061,John,,Hoeven,ND,116,2019
H001079,Cindy,,Hyde-Smith,MS,116,2019
I000024,James,M.,Inhofe,OK,116,2019
I000055,Johnny,,Isakson,GA,116,2019
J000293,Ron,,Johnson,WI,116,2019
J000300,Doug,,Jones,AL,116,2019
K000384,Tim,,Kaine,VA,116,2019
K000377,Mark,,Kelly,AZ,116,2019
K000393,John,,Kennedy,LA,116,2019
K000383,Angus,,King,ME,116,2019
K000367,Amy,,Klobuchar,MN,116,2019
L000575,James,,Lankford,OK,116,2019
L000174,Patrick,J.,Leahy,VT,116,2019
L000577,Mike,,Lee,UT,116,2019
L000594,Kelly,,Loeffler,GA,116,2019
M001183,Joe,,Manchin,WV,116,2019
M000133,Edward,J.,Markey,MA,116,2019
M000355,Mitch,,McConnell,KY,116,2019
M001197,Martha,,McSally,AZ,116,2019
M000639,Robert,,Menendez,NJ,116,2019
M001176,Jeff,,Merkley,OR,116,2019
M000934,Jerry,,Moran,KS,116,2019
M001153,Lisa,,Murkowski,AK,116,2019
M001169,Christopher,S.,Murphy,CT,116,2019
M001111,Patty,,Murray,WA,116,2019
P000603,Rand,,Paul,KY,116,2019
P000612,David,,Perdue,GA,116,2019
P000595,Gary,,Peters,MI,116,2019
P000449,Rob,,Portman,OH,116,2019
R000122,Jack,,Reed,RI,116,2019
R000584,Jim,,Risch,ID,116,2019
R000307,Pat,,Roberts,KS,116,2019
R000615,Mitt,,Romney,UT,116,2019
R000608,Jacky,,Rosen,NV,116,2019
R000605,Mike,,Rounds,SD,116,2019
R000595,Marco,,Rubio,FL,116,2019
S000033,Bernard,,Sanders,VT,116,2019
S001197,Ben,,Sasse,NE,116,2019
S001194,Brian,,Schatz,HI,116,2019
S000148,Charles,E.,Schumer,NY,116,2019
S001217,Rick,,Scott,FL,116,2019
S001184,Tim,,Scott,SC,116,2019
S001181,Jeanne,,Shaheen,NH,116,2019
S000320,Richard,C.,Shelby,AL,116,2019
S001191,Kyrsten,,Sinema,AZ,116,2019
S001203,Tina,,Smith,MN,116,2019
S000770,Debbie,,Stabenow,MI,116,2019
S001198,Dan,,Sullivan,AK,116,2019
T000464,Jon,,Tester,MT,116,2019
T000250,John,,Thune,SD,116,2019
T000476,Thom,,Tillis,NC,116,2019
T000461,Patrick,J.,Toomey,PA,116,2019
U000039,Tom,,Udall,NM,116,2019
V000128,Chris,,Van Hollen,MD,116,2019
W000805,Mark,,Warner,VA,116,2019
W000817,Elizabeth,,Warren,MA,116,2019
W000802,Sheldon,,Whitehouse,RI,116,2019
W000437,Roger,,Wicker,MS,116,2019
W000779,Ron,,Wyden,OR,116,2019
Y000064,Todd,,Young,IN,116,2019
B001230,Tammy,,Baldwin,WI,117,2021
B001261,John,,Barrasso,WY,117,2021
B001267,Michael,,Bennet,CO,117,2021
B001243,Marsha,,Blackburn,TN,117,2021
B001277,Richard,,Blumenthal,CT,117,2021
B000575,Roy,,Blunt,MO,117,2021
B001288,Cory,,Booker,NJ,117,2021
B001236,John,,Boozman,AR,117,2021
B001310,Mike,,Braun,IN,117,2021
B000944,Sherrod,,Brown,OH,117,2021
B001135,Richard,M.,Burr,NC,117,2021
C000127,Maria,,Cantwell,WA,117,2021
C001047,Shelley,Moore,Capito,WV,117,2021
C000141,Benjamin,L.,Cardin,MD,117,2021
C000174,Thomas,R.,Carper,DE,117,2021
C001070,Bob,,Casey,PA,117,2021
C001075,Bill,,Cassidy,LA,117,2021
C001035,Susan,,Collins,ME,117,2021
C001088,Christopher,A.,Coons,DE,117,2021
C001056,John,,Cornyn,TX,117,2021
C001113,Catherine,,Cortez Masto,NV,117,2021
C001095,Tom,,Cotton,AR,117,2021
C001096,Kevin,,Cramer,ND,117,2021
C000880,Michael,D.,Crapo,ID,117,2021
C001098,Ted,,Cruz,TX,117,2021
D000618,Steve,,Daines,MT,117,2021
D000622,Tammy,,Duckworth,IL,117,2021
D000563,Richard,J.,Durbin,IL,117,2021
E000295,Joni,,Ernst,IA,117,2021
F000062,Dianne,,Feinstein,CA,117,2021
F000463,Deb,,Fischer,NE,117,2021
G000555,Kirsten,E.,Gillibrand,NY,117,2021
G000359,Lindsey,,Graham,SC,117,2021
G000386,Charles,E.,Grassley,IA,117,2021
H000601,Bill,,Hagerty,TN,117,2021
H001075,Kamala,,Harris,CA,117,2021
H001076,Margaret,,Hassan,NH,117,2021
H001089,Joshua,,Hawley,MO,117,2021
H001046,Martin,,Heinrich,NM,117,2021
H000273,John,,Hickenlooper,CO,117,2021
H001042,Mazie,K.,Hirono,HI,117,2021
H001061,John,,Hoeven,ND,117,2021
H001079,Cindy,,Hyde-Smith,MS,117,2021
I000024,James,M.,Inhofe,OK,117,2021
J000293,Ron,,Johnson,WI,117,2021
K000384,Tim,,Kaine,VA,117,2021
K000377,Mark,,Kelly,AZ,117,2021
K000393,John,,Kennedy,LA,117,2021
K000383,Angus,,King,ME,117,2021
K000367,Amy,,Klobuchar,MN,117,2021
L000575,James,,Lankford,OK,117,2021
L000174,Patrick,J.,Leahy,VT,117,2021
L000577,Mike,,Lee,UT,117,2021
L000594,Kelly,,Loeffler,GA,117,2021
L000570,Ben,Ray,Luj√°n,NM,117,2021
L000571,Cynthia,M.,Lummis,WY,117,2021
M001183,Joe,,Manchin,WV,117,2021
M000133,Edward,J.,Markey,MA,117,2021
M001198,Roger,,Marshall,KS,117,2021
M000355,Mitch,,McConnell,KY,117,2021
M000639,Robert,,Menendez,NJ,117,2021
M001176,Jeff,,Merkley,OR,117,2021
M000934,Jerry,,Moran,KS,117,2021
M001153,Lisa,,Murkowski,AK,117,2021
M001169,Christopher,S.,Murphy,CT,117,2021
M001111,Patty,,Murray,WA,117,2021
O000174,Jon,,Ossoff,GA,117,2021
P000145,Alex,,Padilla,CA,117,2021
P000603,Rand,,Paul,KY,117,2021
P000595,Gary,,Peters,MI,117,2021
P000449,Rob,,Portman,OH,117,2021
R000122,Jack,,Reed,RI,117,2021
R000584,Jim,,Risch,ID,117,2021
R000615,Mitt,,Romney,UT,117,2021
R000608,Jacky,,Rosen,NV,117,2021
R000605,Mike,,Rounds,SD,117,2021
R000595,Marco,,Rubio,FL,117,2021
S000033,Bernard,,Sanders,VT,117,2021
S001197,Ben,,Sasse,NE,117,2021
S001194,Brian,,Schatz,HI,117,2021
S000148,Charles,E.,Schumer,NY,117,2021
S001217,Rick,,Scott,FL,117,2021
S001184,Tim,,Scott,SC,117,2021
S001181,Jeanne,,Shaheen,NH,117,2021
S000320,Richard,C.,Shelby,AL,117,2021
S001191,Kyrsten,,Sinema,AZ,117,2021
S001203,Tina,,Smith,MN,117,2021
S000770,Debbie,,Stabenow,MI,117,2021
S001198,Dan,,Sullivan,AK,117,2021
T000464,Jon,,Tester,MT,117,2021
T000250,John,,Thune,SD,117,2021
T000476,Thom,,Tillis,NC,117,2021
T000461,Patrick,J.,Toomey,PA,117,2021
T000278,Tommy,,Tuberville,AL,117,2021
V000128,Chris,,Van Hollen,MD,117,2021
W000805,Mark,,Warner,VA,117,2021
W000790,Raphael,,Warnock,GA,117,2021
W000817,Elizabeth,,Warren,MA,117,2021
W000802,Sheldon,,Whitehouse,RI,117,2021
W000437,Roger,,Wicker,MS,117,2021
W000779,Ron,,Wyden,OR,117,2021
Y000064,Todd,,Young,IN,117,2021
